{  
  "spectrum": 
  [-0.950434, 0.749972, 2.22617, -0.798805, 0.64432, -0.627334, 1.49562, -0.199356, -1.30878, -0.392717, -0.664308, -1.28468, 0.411073, -2.1125, -0.728241, -0.46411, 0.645927, -1.46779, -0.201722, -0.254987, 1.77211, -0.708069, -0.252361, 0.0967715, 0.695974, -0.21038, -0.97992, -0.105547, 0.118727, 0.238102, -0.0802084, 3.32185, -2.21348, -1.61509, -0.987326, -0.694126, 0.583228, -0.383089, 1.00085, -0.211876, 0.0630168, -0.797633, 1.64205, 0.707251, 0.347102, -1.69742, 1.62938, -0.843538, -0.316845, 0.622088, 2.30376, -1.03798, 0.815471, -1.89714, 0.274414, 0.662053, 0.528756, 0.229847, -1.27227, 0.294003, 1.53845, -1.604, 0.122569, 0.540312, 0.0158595, 1.17557, 0.125901, -1.11353, 1.24498, 0.507121, -0.146628, 0.524499, -0.11254, -0.338746, 0.319948, -0.360227, 0.79596, 1.22403, 0.513625, 1.34211, 0.703061, 0.135351, 0.701331, -0.437965, 0.118453, 1.00123, -0.583593, -1.25806, 0.457379, -1.33371, -1.41591, 0.00853156, 0.502439, 1.41807, 1.2189, 1.15031, 0.958902, 0.42944, 1.82977, 1.68837, 1.19307, 2.53821, 1.09434, 0.357349, 1.80009, 2.04072, 2.38461, 2.37484, 4.8235, 2.44397, 2.03345, 1.97041, 3.73168, 3.34899, 2.06221, 4.28213, 1.89773, 1.03399, 2.07692, 4.596, 3.3571, 3.74659, 2.01055, 3.57832, 4.13557, 4.93175, 2.74248, 3.59303, 4.31848, 4.13779, 3.26194, 3.80643, 3.97714, 3.52135, 4.40496, 3.56789, 4.49081, 3.82522, 4.42157, 3.46712, 3.78478, 3.44847, 2.75146, 5.25011, 5.80028, 5.56351, 5.89205, 4.86801, 4.8441, 6.206, 6.8413, 5.67758, 7.10706, 5.6074, 6.87161, 6.50356, 7.04501, 8.02528, 7.23131, 7.77016, 10.1674, 10.4329, 11.1354, 11.2836, 9.89294, 8.60474, 12.0363, 11.5425, 15.3205, 14.3083, 14.5634, 12.9824, 14.0692, 14.027, 10.7931, 12.4915, 11.2701, 11.9304, 11.3329, 9.56324, 9.02375, 7.96116, 10.832, 6.99662, 9.10146, 4.73605, 8.15861, 5.3859, 5.33241, 2.5898, 3.41963, 3.73789, 5.4856, 4.36745, 4.78755, 3.24144, 3.35397, 3.22755, 5.3865, 3.26737, 2.10693, 3.0228, 2.08188, 1.99063, 1.71963, 0.670313, 1.84528, 2.17916, 3.61564, 0.971768, 2.94577, 1.49615, 1.4332, 1.24085, -0.236073, 1.62249, 1.04284, 0.46761, 0.587453, 2.02137, -0.376874, 0.96375, 0.624221, 1.59455, 2.27369, 0.398342, 1.12989, -0.167111, 2.39137, -0.125512, 1.39593, 1.67026, 0.675453, 2.53368, 1.83096, 0.168991, 0.855038, 0.753223, 0.581657, 1.33228, 1.57287, 1.42413, -0.145294, 0.305416, 1.53282, -2.00243, 1.41658, 0.645438, -0.361307, -0.44049, 0.444399, -1.15644, -0.602773, 0.506122, 0.694241, 0.341716],
  "spectrumWavelength": 
  [0.0000, 0.0039, 0.0078, 0.0118, 0.0157, 0.0196, 0.0235, 0.0275, 0.0314, 0.0353, 0.0392, 0.0431, 0.0471, 0.0510, 0.0549, 0.0588, 0.0627, 0.0667, 0.0706, 0.0745, 0.0784, 0.0824, 0.0863, 0.0902, 0.0941, 0.0980, 0.1020, 0.1059, 0.1098, 0.1137, 0.1176, 0.1216, 0.1255, 0.1294, 0.1333, 0.1373, 0.1412, 0.1451, 0.1490, 0.1529, 0.1569, 0.1608, 0.1647, 0.1686, 0.1725, 0.1765, 0.1804, 0.1843, 0.1882, 0.1922, 0.1961, 0.2000, 0.2039, 0.2078, 0.2118, 0.2157, 0.2196, 0.2235, 0.2275, 0.2314, 0.2353, 
    0.2392, 0.2431, 0.2471, 0.2510, 0.2549, 0.2588, 0.2627, 0.2667, 0.2706, 0.2745, 0.2784, 0.2824, 0.2863, 0.2902, 0.2941, 0.2980, 0.3020, 0.3059, 0.3098, 0.3137, 0.3176, 0.3216, 0.3255, 0.3294, 0.3333, 0.3373, 0.3412, 0.3451, 0.3490, 0.3529, 0.3569, 0.3608, 0.3647, 0.3686, 0.3725, 0.3765, 0.3804, 0.3843, 0.3882, 0.3922, 0.3961, 0.4000, 0.4039, 0.4078, 0.4118, 0.4157, 0.4196, 0.4235, 0.4275, 0.4314, 0.4353, 0.4392, 0.4431, 0.4471, 0.4510, 0.4549, 0.4588, 0.4627, 0.4667, 0.4706, 0.4745, 
    0.4784, 0.4824, 0.4863, 0.4902, 0.4941, 0.4980, 0.5020, 0.5059, 0.5098, 0.5137, 0.5176, 0.5216, 0.5255, 0.5294, 0.5333, 0.5373, 0.5412, 0.5451, 0.5490, 0.5529, 0.5569, 0.5608, 0.5647, 0.5686, 0.5725, 0.5765, 0.5804, 0.5843, 0.5882, 0.5922, 0.5961, 0.6000, 0.6039, 0.6078, 0.6118, 0.6157, 0.6196, 0.6235, 0.6275, 0.6314, 0.6353, 0.6392, 0.6431, 0.6471, 0.6510, 0.6549, 0.6588, 0.6627, 0.6667, 0.6706, 0.6745, 0.6784, 0.6824, 0.6863, 0.6902, 0.6941, 0.6980, 0.7020, 0.7059, 0.7098, 0.7137, 
    0.7176, 0.7216, 0.7255, 0.7294, 0.7333, 0.7373, 0.7412, 0.7451, 0.7490, 0.7529, 0.7569, 0.7608, 0.7647, 0.7686, 0.7725, 0.7765, 0.7804, 0.7843, 0.7882, 0.7922, 0.7961, 0.8000, 0.8039, 0.8078, 0.8118, 0.8157, 0.8196, 0.8235, 0.8275, 0.8314, 0.8353, 0.8392, 0.8431, 0.8471, 0.8510, 0.8549, 0.8588, 0.8627, 0.8667, 0.8706, 0.8745, 0.8784, 0.8824, 0.8863, 0.8902, 0.8941, 0.8980, 0.9020, 0.9059, 0.9098, 0.9137, 0.9176, 0.9216, 0.9255, 0.9294, 0.9333, 0.9373, 0.9412, 0.9451, 0.9490, 0.9529, 
    0.9569, 0.9608, 0.9647, 0.9686, 0.9725, 0.9765, 0.9804, 0.9843, 0.9882, 0.9922, 0.9961, 1.0000], 
  "peaksGuess":  
  [   
    {    
      "peak": "Gauss",    
      "x": [0.65, 0.15],    
      "fwhm": [0.09, 0.04],    
      "int": [2.65, 0.5]   
    },
    {
      "peak": "Lorentz",
      "x": [0.45, 0.30],
      "fwhm": [0.25, 0.07],
      "int": [0.35, 0.15]
    } 
  ] 
}